{"cameraMode":{"drawMode":0,"name":"Shaded","section":"Shading Mode"},"sceneLighting":false,"audioPlay":false,"sceneViewState":{"m_AlwaysRefresh":false,"showFog":false,"showSkybox":false,"showFlares":false,"showImageEffects":false,"showParticleSystems":false,"showVisualEffectGraphs":true,"m_FxEnabled":true},"in2DMode":false,"pivot":{"x":0.21533247828483582,"y":0.22761061787605287,"z":0.05478564649820328},"rotation":{"x":-0.03950633853673935,"y":0.9562430381774902,"z":-0.15364189445972444,"w":-0.24589990079402924},"size":0.7289528250694275,"orthographic":false}