{"cameraMode":{"drawMode":0,"name":"Shaded","section":"Shading Mode"},"sceneLighting":false,"audioPlay":false,"sceneViewState":{"m_AlwaysRefresh":false,"showFog":true,"showSkybox":false,"showFlares":true,"showImageEffects":true,"showParticleSystems":true,"showVisualEffectGraphs":true,"m_FxEnabled":true},"in2DMode":false,"pivot":{"x":0.1380235254764557,"y":0.9381237030029297,"z":0.23260599374771119},"rotation":{"x":-0.1067403107881546,"y":0.8404684662818909,"z":-0.17941154539585114,"w":-0.5000367164611816},"size":0.3073950409889221,"orthographic":false}