{"cameraMode":{"drawMode":0,"name":"Shaded","section":"Shading Mode"},"sceneLighting":false,"audioPlay":false,"sceneViewState":{"m_AlwaysRefresh":false,"showFog":false,"showSkybox":false,"showFlares":false,"showImageEffects":false,"showParticleSystems":false,"showVisualEffectGraphs":true,"m_FxEnabled":true},"in2DMode":false,"pivot":{"x":-0.05663880705833435,"y":0.9604536294937134,"z":-0.13088494539260865},"rotation":{"x":-0.048192620277404788,"y":0.9447032809257507,"z":-0.1619809865951538,"w":-0.2810872793197632},"size":0.49874627590179446,"orthographic":false}