{"cameraMode":{"drawMode":0,"name":"Shaded","section":"Shading Mode"},"sceneLighting":false,"audioPlay":false,"sceneViewState":{"m_AlwaysRefresh":false,"showFog":true,"showSkybox":false,"showFlares":true,"showImageEffects":true,"showParticleSystems":true,"showVisualEffectGraphs":true,"m_FxEnabled":true},"in2DMode":false,"pivot":{"x":-0.08340537548065186,"y":0.8923848867416382,"z":0.00946033000946045},"rotation":{"x":-0.04852984473109245,"y":0.936231255531311,"z":-0.14323221147060395,"w":-0.3172328472137451},"size":0.7289528250694275,"orthographic":false}